username,password,is_superuser,first_name,last_name,email,phone_number,is_staff,is_active,date_joined
류영길,0,0,영길,류,test1@test.com,010-1234-5678,0,1,2022-09-17
권상호,0,0,상호,권,test2@test.com,010-1234-5679,0,1,2022-09-17
배성진,0,0,성진,배,test3@test.com,010-1234-5680,0,1,2022-09-17
윤재호,0,0,재호,윤,test4@test.com,010-1234-5681,0,1,2022-09-17
윤현숙,0,0,현숙,윤,test5@test.com,010-1234-5682,0,1,2022-09-17
최도현,0,0,도현,최,test6@test.com,010-1234-5683,0,1,2022-09-17
윤채원,0,0,채원,윤,test7@test.com,010-1234-5684,0,1,2022-09-17
최승현,0,0,승현,최,test8@test.com,010-1234-5685,0,1,2022-09-17
홍경희,0,0,경희,홍,test9@test.com,010-1234-5686,0,1,2022-09-17
홍지현,0,0,지현,홍,test10@test.com,010-1234-5687,0,1,2022-09-17
백준혁,0,0,준혁,백,test11@test.com,010-1234-5688,0,1,2022-09-17
강하은,0,0,하은,강,test12@test.com,010-1234-5689,0,1,2022-09-17
오영길,0,0,영길,오,test13@test.com,010-1234-5690,0,1,2022-09-17
이정희,0,0,정희,이,test14@test.com,010-1234-5691,0,1,2022-09-17
김윤서,0,0,윤서,김,test15@test.com,010-1234-5692,0,1,2022-09-17
김성현,0,0,성현,김,test16@test.com,010-1234-5693,0,1,2022-09-17
백순옥,0,0,순옥,백,test17@test.com,010-1234-5694,0,1,2022-09-17
김지은,0,0,지은,김,test18@test.com,010-1234-5695,0,1,2022-09-17
이경숙,0,0,경숙,이,test19@test.com,010-1234-5696,0,1,2022-09-17
유사훈,0,0,사훈,유,test20@test.com,010-1234-5697,0,1,2022-09-17
이영식,0,0,영식,이,test21@test.com,010-1234-5698,0,1,2022-09-17
류유진,0,0,유진,류,test22@test.com,010-1234-5699,0,1,2022-09-17
지예지,0,0,예지,지,test23@test.com,010-1234-5700,0,1,2022-09-17
류영식,0,0,영식,류,test24@test.com,010-1234-5701,0,1,2022-09-17
이현숙,0,0,현숙,이,test25@test.com,010-1234-5702,0,1,2022-09-17
박현지,0,0,현지,박,test26@test.com,010-1234-5703,0,1,2022-09-17
김민준,0,0,민준,김,test27@test.com,010-1234-5704,0,1,2022-09-17
서정숙,0,0,정숙,서,test28@test.com,010-1234-5705,0,1,2022-09-17
지영일,0,0,영일,지,test29@test.com,010-1234-5706,0,1,2022-09-17
이서윤,0,0,서윤,이,test30@test.com,010-1234-5707,0,1,2022-09-17
박영식,0,0,영식,박,test31@test.com,010-1234-5708,0,1,2022-09-17
김현준,0,0,현준,김,test32@test.com,010-1234-5709,0,1,2022-09-17
박영철,0,0,영철,박,test33@test.com,010-1234-5710,0,1,2022-09-17
박정남,0,0,정남,박,test34@test.com,010-1234-5711,0,1,2022-09-17
이윤서,0,0,윤서,이,test35@test.com,010-1234-5712,0,1,2022-09-17
성지우,0,0,지우,성,test36@test.com,010-1234-5713,0,1,2022-09-17
허정희,0,0,정희,허,test37@test.com,010-1234-5714,0,1,2022-09-17
이승현,0,0,승현,이,test38@test.com,010-1234-5715,0,1,2022-09-17
안순자,0,0,순자,안,test39@test.com,010-1234-5716,0,1,2022-09-17
이정희,0,0,정희,이,test40@test.com,010-1234-5717,0,1,2022-09-17
장보람,0,0,보람,장,test41@test.com,010-1234-5718,0,1,2022-09-17
양서준,0,0,서준,양,test42@test.com,010-1234-5719,0,1,2022-09-17
김건우,0,0,건우,김,test43@test.com,010-1234-5720,0,1,2022-09-17
김선영,0,0,선영,김,test44@test.com,010-1234-5721,0,1,2022-09-17
이병철,0,0,병철,이,test45@test.com,010-1234-5722,0,1,2022-09-17
최상훈,0,0,상훈,최,test46@test.com,010-1234-5723,0,1,2022-09-17
김채원,0,0,채원,김,test47@test.com,010-1234-5724,0,1,2022-09-17
이민지,0,0,민지,이,test48@test.com,010-1234-5725,0,1,2022-09-17
김성훈,0,0,성훈,김,test49@test.com,010-1234-5726,0,1,2022-09-17
양진우,0,0,진우,양,test50@test.com,010-1234-5727,0,1,2022-09-17